# t, l_px[0], l_py[0], l_vx[0], l_vy[0], l_px[1], l_py[1], l_vx[1], l_vy[1], l_aps[0], l_aps[1]
0.000000000000000000e+00,0.000000000000000000e+00,0.000000000000000000e+00,0.000000000000000000e+00,0.000000000000000000e+00,1.000000000000000000e+00,1.989999999999999991e+00,0.000000000000000000e+00,-5.000000000000000278e-02,1.000000000000000056e-01,0.000000000000000000e+00
5.259158011339133409e-01,5.997533847211999236e-20,0.000000000000000000e+00,2.280796216535373442e-19,0.000000000000000000e+00,9.999766447443975137e-01,1.963703001638483325e+00,-8.883947484565374482e-05,-5.000566787760462456e-02,1.000000000000000056e-01,0.000000000000000000e+00
1.051831602267827126e+00,2.399013538884800658e-19,0.000000000000000000e+00,4.561592433070748810e-19,0.000000000000000000e+00,9.999065195197455180e-01,1.937401330093497354e+00,-1.778861018985141329e-04,-5.001777110006726257e-02,1.000000000000000056e-01,0.000000000000000000e+00
1.577747403401739579e+00,5.397780462490799072e-19,0.000000000000000000e+00,6.842388649606118400e-19,0.000000000000000000e+00,9.997894758459848763e-01,1.911091601566392351e+00,-2.672902607543127247e-04,-5.003630746427614739e-02,1.000000000000000056e-01,0.000000000000000000e+00
2.103663204535652032e+00,9.596054155539198778e-19,0.000000000000000000e+00,9.123184866141487990e-19,0.000000000000000000e+00,9.996252860989121025e-01,1.884770432986996536e+00,-3.572025649806117600e-04,-5.006127640454234584e-02,1.000000000000000056e-01,0.000000000000000000e+00
2.629579005669564484e+00,1.499383461802998918e-18,0.000000000000000000e+00,1.140398108267685758e-18,0.000000000000000000e+00,9.994136433436844325e-01,1.858434441187130748e+00,-4.477741693119239772e-04,-5.009267855156465665e-02,1.000000000000000056e-01,0.000000000000000000e+00
3.155494806803476937e+00,2.159112184996317703e-18,0.000000000000000000e+00,1.368477729921222717e-18,0.000000000000000000e+00,9.991541604475744354e-01,1.832080243524239593e+00,-5.391594345962865764e-04,-5.013051015818609235e-02,1.000000000000000056e-01,0.000000000000000000e+00
3.681410607937389390e+00,2.938791585133876617e-18,0.000000000000000000e+00,1.596557351574759676e-18,0.000000000000000000e+00,9.988463682743082828e-01,1.805704460373639186e+00,-6.315152488838059533e-04,-5.017476485391258317e-02,1.000000000000000056e-01,0.000000000000000000e+00
4.207326409071302287e+00,3.838421662215677200e-18,0.000000000000000000e+00,1.824636973228296828e-18,0.000000000000000000e+00,9.984897149875513467e-01,1.779303715056610002e+00,-7.249992068021105266e-04,-5.022543788598771847e-02,1.000000000000000056e-01,0.000000000000000000e+00
4.733242210205214739e+00,4.858002416241715217e-18,0.000000000000000000e+00,2.052716594881833787e-18,0.000000000000000000e+00,9.980835656710966841e-01,1.752874632938055344e+00,-8.197696754877766391e-04,-5.028252624052542002e-02,1.000000000000000056e-01,0.000000000000000000e+00
5.259158011339127192e+00,5.997533847211993362e-18,0.000000000000000000e+00,2.280796216535370746e-18,0.000000000000000000e+00,9.976272017552448856e-01,1.726413840687756940e+00,-9.159870877062898731e-04,-5.034602710385004815e-02,1.000000000000000056e-01,0.000000000000000000e+00
5.785073812473039645e+00,7.263403860999280896e-18,0.000000000000000000e+00,2.614143355875155532e-18,0.000000000000000000e+00,9.971198184013287946e-01,1.699917968151273495e+00,-1.013819466225509593e-03,-5.041593074552268294e-02,1.000000000000000056e-01,0.000000000000000000e+00
6.310989613606952098e+00,8.818149173699618657e-18,0.000000000000000000e+00,3.298382220835766409e-18,0.000000000000000000e+00,9.965605212386425826e-01,1.673383650951205448e+00,-1.113438282173930720e-03,-5.049222627662801333e-02,1.000000000000000056e-01,0.000000000000000000e+00
6.836905414740864551e+00,1.072848791331749935e-17,7.097673191966864120e-22,3.877353568110129844e-18,1.754458628104134065e-20,9.959483253764465083e-01,1.646807529940087722e+00,-1.215016321276231282e-03,-5.057490470858581888e-02,1.000000000000000056e-01,0.000000000000000000e+00
7.362821215874777003e+00,1.276764942136958771e-17,3.992441170481359862e-20,3.877353568110129844e-18,1.315843971078100248e-19,9.952821546798590324e-01,1.620186250185732479e+00,-1.318727824146440552e-03,-5.066395899344034587e-02,1.000000000000000056e-01,0.000000000000000000e+00
7.888737017008689456e+00,1.486773262431938205e-17,1.391143945625505544e-19,4.389070667973834046e-18,2.456242079345787450e-19,9.945608403385547414e-01,1.593516460680610924e+00,-1.424752678723257768e-03,-5.075937929533306386e-02,1.000000000000000056e-01,0.000000000000000000e+00
8.414652818142602797e+00,1.747589093326080600e-17,2.982797158924074304e-19,5.515433107216685643e-18,3.081998990036259650e-19,9.937831157259900960e-01,1.566794818292836844e+00,-1.533282159821771880e-03,-5.086114653238578420e-02,1.000000000000000056e-01,0.000000000000000000e+00
8.940568619276515250e+00,2.058645803909560085e-17,1.604902203256905725e-19,6.313711783004075015e-18,-8.321982092640608041e-19,9.929476125187349789e-01,1.540017990047731988e+00,-1.644510950194255595e-03,-5.096924213411764548e-02,1.000000000000000056e-01,0.000000000000000000e+00
9.426029358784742129e+00,2.372302628772363425e-17,-4.560846498604711188e-19,6.568108284079174701e-18,-1.691882937035087038e-18,9.921238253544379937e-01,1.515249061689160959e+00,-1.749749739344226779e-03,-5.107462540626563768e-02,1.000000000000000056e-01,0.000000000000000000e+00
9.951945159918654582e+00,2.723727355635154741e-17,-1.585773974004556861e-18,6.796187905732711660e-18,-2.604201423649234874e-18,9.911729841440162225e-01,1.488356771735948492e+00,-1.866725161974430898e-03,-5.119484666012964758e-02,1.000000000000000056e-01,0.000000000000000000e+00
1.047786096105256703e+01,3.087147150192371919e-17,-3.195266005925601771e-18,7.024267527386255552e-18,-3.516519910263382710e-18,9.901597680236884358e-01,1.461399603888258847e+00,-1.986991372342792033e-03,-5.132134352934657195e-02,1.000000000000000056e-01,0.000000000000000000e+00
1.100377676218647949e+01,3.484032473849710843e-17,-5.005444747349509471e-18,8.226656507180288961e-18,-3.193114703149521278e-18,9.890823877263751340e-01,1.434374266488563698e+00,-2.110772134116486055e-03,-5.145408246634620292e-02,1.000000000000000056e-01,0.000000000000000000e+00
1.152969256332039194e+01,3.958235117478210276e-17,-6.654766555332807396e-18,9.761222987228716008e-18,-3.079074892322752798e-18,9.879389351894122262e-01,1.407277485199997624e+00,-2.238295055770494514e-03,-5.159303171456220555e-02,1.000000000000000056e-01,0.000000000000000000e+00
1.205560836445430439e+01,4.490875270387234518e-17,-8.411144933961604262e-18,1.036943531163814739e-17,-3.725300487007777777e-18,9.867273817465151975e-01,1.380106001687427586e+00,-2.369791208123056547e-03,-5.173816220122949561e-02,1.000000000000000056e-01,0.000000000000000000e+00
1.258152416558821685e+01,5.045433038113054324e-17,-1.051116898963480343e-17,1.074371981896702906e-17,-4.291990623885412068e-18,9.854455760214433369e-01,1.352856572510419131e+00,-2.505497472938269903e-03,-5.188944447474361926e-02,1.000000000000000056e-01,0.000000000000000000e+00
1.310743996672212930e+01,5.637451142000543486e-17,-1.261845633087444649e-17,1.177007811640794538e-17,-3.721791569751569671e-18,9.840912374196132406e-01,1.325525974382944172e+00,-2.645669885962557023e-03,-5.204682920546722241e-02,1.000000000000000056e-01,0.000000000000000000e+00
1.363335576785604175e+01,6.283411562146982370e-17,-1.442781883988128243e-17,1.278181592528132830e-17,-3.232005202739167099e-18,9.826619470645542309e-01,1.298111012841713485e+00,-2.790575719085562796e-03,-5.221026013610240851e-02,1.000000000000000056e-01,0.000000000000000000e+00
1.415927156898995420e+01,6.972271502011200255e-17,-1.624664491314406843e-17,1.324967155944243078e-17,-3.481723147472649813e-18,9.811551441776414917e-01,1.270608522223899861e+00,-2.940487367979771529e-03,-5.237968406790257520e-02,1.000000000000000056e-01,0.000000000000000000e+00
1.468518737012386666e+01,7.656973388330454175e-17,-1.806088115774271043e-17,1.261163343835522549e-17,-3.517397139577437240e-18,9.795681233098102458e-01,1.243015363989038002e+00,-3.095682717234004601e-03,-5.255505097077549370e-02,1.000000000000000056e-01,0.000000000000000000e+00
1.521110317125777911e+01,8.311242817893621003e-17,-2.000069890001788986e-17,1.226951400587492005e-17,-3.859516572057752693e-18,9.778980300402554393e-01,1.215328427708437964e+00,-3.256453496807712455e-03,-5.273629782556357726e-02,1.000000000000000056e-01,0.000000000000000000e+00
1.573701897239169156e+01,8.944236972063865103e-17,-2.209855816536753349e-17,1.172124568459236773e-17,-4.064203412003243311e-18,9.761418502279124443e-01,1.187544644600738719e+00,-3.423113597830612902e-03,-5.292333326124876169e-02,1.000000000000000056e-01,0.000000000000000000e+00
1.626293477352562533e+01,9.551305691954915924e-17,-2.416111833604247563e-17,1.134082057206510357e-17,-3.639039604459335225e-18,9.742964019486789473e-01,1.159660994586314331e+00,-3.595986179541135232e-03,-5.311606574352668170e-02,1.000000000000000056e-01,0.000000000000000000e+00
1.678885057465958397e+01,1.013720323565986335e-16,-2.619980666588175948e-17,1.082033117906087717e-17,-4.273568808290328559e-18,9.723583312382264587e-01,1.131674504757551381e+00,-3.775402416181543406e-03,-5.331440746759004423e-02,1.000000000000000056e-01,0.000000000000000000e+00
1.731476637579354261e+01,1.067705817336852212e-16,-2.874722072175527529e-17,1.008287373571444142e-17,-5.413966916558013354e-18,9.703241075812525374e-01,1.103582247888837076e+00,-3.961703628255788985e-03,-5.351826913853133943e-02,1.000000000000000056e-01,0.000000000000000000e+00
1.784068217692750125e+01,1.120765892818038609e-16,-3.189874140190773040e-17,1.014954316358239776e-17,-6.643257595316307374e-18,9.681900154110854029e-01,1.075381353358703773e+00,-4.155254064233815034e-03,-5.372751921409897602e-02,1.000000000000000056e-01,0.000000000000000000e+00
1.832614291643577076e+01,1.170760956425827079e-16,-3.547279839663328421e-17,1.037645314615053278e-17,-7.939217701942570831e-18,9.661280633561639686e-01,1.049250916819868262e+00,-4.340680316014441584e-03,-5.392532509936202173e-02,1.000000000000000056e-01,0.000000000000000000e+00
1.885205871756972940e+01,1.226016105636182806e-16,-3.982329352073873323e-17,1.052119598296913202e-17,-8.399763091819899683e-18,9.637907436882460210e-01,1.020833318616833463e+00,-4.549255322260058361e-03,-5.414451623558230037e-02,1.000000000000000056e-01,0.000000000000000000e+00
1.937797451870368803e+01,1.281451772334720302e-16,-4.425109413536002958e-17,1.092413664789038106e-17,-8.718489742592138750e-18,9.613415403828526884e-01,9.922991344708602668e-01,-4.766230217135012867e-03,-5.436866478898972482e-02,1.000000000000000056e-01,0.000000000000000000e+00
1.990389031983764667e+01,1.340070035692536792e-16,-4.910042556085222503e-17,1.145836930014809325e-17,-9.855671343374965921e-18,9.587759257352248543e-01,9.636457997656897589e-01,-4.992027012991096489e-03,-5.459759656545411233e-02,1.000000000000000056e-01,0.000000000000000000e+00
2.042980612097160531e+01,1.402786613845947358e-16,-5.476300838067997192e-17,1.228004075764353590e-17,-1.153848957749818876e-17,9.560891445836469105e-01,9.348708596590981079e-01,-5.227088414508332566e-03,-5.483107670428791214e-02,1.000000000000000056e-01,0.000000000000000000e+00
2.095572192210556395e+01,1.468836969097624204e-16,-6.118611871248229106e-17,1.288649862342487824e-17,-1.287187813485732790e-17,9.532762041476413595e-01,9.059719850471965596e-01,-5.471875250802253274e-03,-5.506886631361389284e-02,1.000000000000000056e-01,0.000000000000000000e+00
2.148163772323952259e+01,1.538771407709053167e-16,-6.830707227251882264e-17,1.339821572328857936e-17,-1.429649854087788707e-17,9.503318643654934395e-01,8.769469716205428034e-01,-5.726867307606894018e-03,-5.531072979027445297e-02,1.000000000000000056e-01,0.000000000000000000e+00
2.200755352437348122e+01,1.605242300097355256e-16,-7.595766603559525479e-17,1.187680768295094177e-17,-1.455001781263895071e-17,9.472506279461162526e-01,8.477937404149824552e-01,-5.992561553240933515e-03,-5.555641559632638893e-02,1.000000000000000056e-01,0.000000000000000000e+00
2.253346932550743986e+01,1.664051135980375018e-16,-8.353689269472644659e-17,1.033990192473172318e-17,-1.421140729741483720e-17,9.440267344259455351e-01,8.185103684708703309e-01,-6.269461822358696375e-03,-5.580557825343992334e-02,1.000000000000000056e-01,0.000000000000000000e+00
2.305938512664139850e+01,1.714335429770737251e-16,-9.089041334635307167e-17,8.986629502920737329e-18,-1.372893117468617360e-17,9.406541535711363533e-01,7.890951258635587884e-01,-6.558092885775702527e-03,-5.605784269037250578e-02,1.000000000000000056e-01,0.000000000000000000e+00
2.358530092777535714e+01,1.759671935578979385e-16,-9.795953023317758708e-17,8.334848122580050862e-18,-1.329821158148660942e-17,9.371265718603773998e-01,7.595464800159389407e-01,-6.859007671142424920e-03,-5.631283355663650042e-02,1.000000000000000056e-01,0.000000000000000000e+00
2.411121672890931578e+01,1.801585470195841949e-16,-1.049867708481695101e-16,7.661720828930766042e-18,-1.347716636155323442e-17,9.334373774544886260e-01,7.298630965984845842e-01,-7.172785126793749209e-03,-5.657016594235768359e-02,1.000000000000000056e-01,0.000000000000000000e+00
2.463713253004327441e+01,1.841430979433671478e-16,-1.121761104894105785e-16,7.626339246597338342e-18,-1.383185941420162526e-17,9.295796566347022116e-01,7.000438677746794180e-01,-7.499986644083324154e-03,-5.682934518280954167e-02,1.000000000000000056e-01,0.000000000000000000e+00
2.516304833117723305e+01,1.880376267121653810e-16,-1.195517403930302219e-16,7.154097465865970142e-18,-1.428041600345357584e-17,9.255462021314536658e-01,6.700879715132249670e-01,-7.841178591873453757e-03,-5.708980119964277011e-02,1.000000000000000056e-01,0.000000000000000000e+00
2.568896413231119169e+01,1.916801289353720991e-16,-1.271436600577197572e-16,6.697938222558896224e-18,-1.465323846192572590e-17,9.213294985531683690e-01,6.399948886547413007e-01,-8.196967391102840533e-03,-5.735095308056712554e-02,1.000000000000000056e-01,0.000000000000000000e+00
2.621487993344515033e+01,1.950738577132005096e-16,-1.349162155051447855e-16,6.154056047846615783e-18,-1.491202110957109054e-17,9.169217003473928429e-01,6.097644085080300425e-01,-8.567999682832214137e-03,-5.761220522100018310e-02,1.000000000000000056e-01,0.000000000000000000e+00
2.674079573457910897e+01,1.982149803021267611e-16,-1.427649999626516404e-16,5.843516870672176373e-18,-1.491699207568405414e-17,9.123146284263301542e-01,5.793966569501312058e-01,-8.954873681381854064e-03,-5.787284664657872668e-02,1.000000000000000056e-01,0.000000000000000000e+00
2.726671153571306760e+01,2.012711082545791180e-16,-1.505833590610754750e-16,5.617191707646741542e-18,-1.486962169272525895e-17,9.074998075463800440e-01,5.488921730579631175e-01,-9.358141878763064428e-03,-5.813204058967656740e-02,1.000000000000000056e-01,0.000000000000000000e+00
2.775217227522133712e+01,2.038967386690281026e-16,-1.576720418669992084e-16,5.087637611730637848e-18,-1.420058813587485778e-17,9.028633790938362935e-01,5.206136755776782366e-01,-9.745460508608198152e-03,-5.836925824301535115e-02,1.000000000000000056e-01,0.000000000000000000e+00
2.827808807635529575e+01,2.064499728169190381e-16,-1.648902690381316469e-16,4.719201299828770453e-18,-1.326780096526614686e-17,8.976240826838293163e-01,4.898494288620806048e-01,-1.018199858840574887e-02,-5.862318771864605954e-02,1.000000000000000056e-01,0.000000000000000000e+00
2.880400387748925439e+01,2.088740648010821286e-16,-1.717997001075921776e-16,4.522117113938403949e-18,-1.323563589041756600e-17,8.921504418994706809e-01,4.589526829127965057e-01,-1.063672215551161697e-02,-5.887295335872768515e-02,1.000000000000000056e-01,0.000000000000000000e+00
2.932991967862321303e+01,2.111384354795152899e-16,-1.788542904232837837e-16,4.007768326132540007e-18,-1.349207925989211907e-17,8.864327797062551140e-01,4.279259304109115924e-01,-1.111005792658461069e-02,-5.911738640494296898e-02,1.000000000000000056e-01,0.000000000000000000e+00
2.985583547975717167e+01,2.130790339658416421e-16,-1.859835246020443480e-16,3.351308389450244272e-18,-1.364851848756474224e-17,8.804611875939967192e-01,3.967723008883827784e-01,-1.160247277257170188e-02,-5.935523832150785967e-02,1.000000000000000056e-01,0.000000000000000000e+00
3.038175128089113031e+01,2.146365355416315333e-16,-1.929796182611787919e-16,2.657712411806411392e-18,-1.288532898433944550e-17,8.742254947647627450e-01,3.654956008556226599e-01,-1.211449615423945345e-02,-5.958518172887336539e-02,1.000000000000000056e-01,0.000000000000000000e+00
3.090766708202508894e+01,2.159522903685031047e-16,-1.996828619244126940e-16,2.416474350442093454e-18,-1.275462181654569255e-17,8.677152684880018452e-01,3.341003584019147654e-01,-1.264652335387013611e-02,-5.980579680626066374e-02,1.000000000000000056e-01,0.000000000000000000e+00
3.143358288315904758e+01,2.171681454451977198e-16,-2.062782209551287201e-16,2.328751419036886932e-18,-1.198266002017989056e-17,8.609199561202104389e-01,3.025918764384826209e-01,-1.319866415636480536e-02,-6.001555406174054891e-02,1.000000000000000056e-01,0.000000000000000000e+00
3.195949868429300622e+01,2.184143312453326229e-16,-2.122327192438867843e-16,2.131082413603821387e-18,-1.089197157304182331e-17,8.538289483087846410e-01,2.709762953260316798e-01,-1.377104650993603470e-02,-6.021279498105669425e-02,1.000000000000000056e-01,0.000000000000000000e+00
3.248541448542692223e+01,2.194078398798334533e-16,-2.178860632591096773e-16,1.848029754936355110e-18,-1.066447677093098732e-17,8.464315538761058022e-01,2.392606653630415248e-01,-1.436385096697945923e-02,-6.039571688218785955e-02,1.000000000000000056e-01,0.000000000000000000e+00
3.301133028656083468e+01,2.203626307070721912e-16,-2.233233777612796867e-16,1.759722003988447236e-18,-9.943394274780206340e-18,8.387170185815079337e-01,2.074530022914863048e-01,-1.497704428909604063e-02,-6.056249549089032930e-02,1.000000000000000056e-01,0.000000000000000000e+00
3.353724608769474713e+01,2.212881672913046557e-16,-2.284330281805425065e-16,1.843936018137445652e-18,-9.739877073920146929e-18,8.306747274921745250e-01,1.755622596099790378e-01,-1.561018982915588285e-02,-6.071135082282389656e-02,1.000000000000000056e-01,0.000000000000000000e+00
3.406316188882865958e+01,2.223973206810133290e-16,-2.335491374824102518e-16,2.228162457692249913e-18,-9.738999844606100873e-18,8.222943170927899947e-01,1.435983681039562643e-01,-1.626278867782119872e-02,-6.084032909731696553e-02,1.000000000000000056e-01,0.000000000000000000e+00
3.458907768996257204e+01,2.234491958480629530e-16,-2.387310067264013859e-16,1.772003214385175995e-18,-9.967079466259657861e-18,8.135656970695136492e-01,1.115723432313247554e-01,-1.693429179647209723e-02,-6.094726203848056106e-02,1.000000000000000056e-01,0.000000000000000000e+00
3.511499349109648449e+01,2.244907793889840219e-16,-2.439532972192207853e-16,2.228162457692250299e-18,-9.742508761862334402e-18,8.044791355478051464e-01,7.949633390072308181e-02,-1.762379320983375325e-02,-6.103012046676813823e-02,1.000000000000000056e-01,0.000000000000000000e+00
3.564090929223039694e+01,2.256725419754464111e-16,-2.489338409631219387e-16,2.096578060584440900e-18,-9.423782111090093794e-18,7.950255239671378815e-01,4.738346409593763991e-02,-1.832989046447133091e-02,-6.108712889630341786e-02,1.000000000000000056e-01,0.000000000000000000e+00
3.616682509336430940e+01,2.266545642088315893e-16,-2.539225470311938452e-16,1.624336279853079055e-18,-9.602152071614014751e-18,7.851965498183004488e-01,1.524783853270661460e-02,-1.905096959743024509e-02,-6.111630639566664747e-02,1.000000000000000056e-01,0.000000000000000000e+00
3.665228583287253628e+01,7.757840654848526807e-01,-1.442287525056851552e-02,-1.972829936319804231e-02,-6.111661307341414995e-02,2.273321554095580385e-16,-2.586781773410969154e-16,1.267596358805239260e-18,-9.789294325278467145e-18,0.000000000000000000e+00,1.000000000000000056e-01
3.717820163400644873e+01,7.652133043325198836e-01,-4.655853525515291080e-02,-2.047283231328560910e-02,-6.108636581939882321e-02,2.279256983302363378e-16,-2.637509316892170210e-16,9.167046331844131696e-19,-9.526125531062833710e-18,0.000000000000000000e+00,1.000000000000000056e-01
3.770411743514036118e+01,7.542485291412179826e-01,-7.866964607397849973e-02,-2.122627841968560691e-02,-6.102303613129068938e-02,2.283250370829269820e-16,-2.689827922113900359e-16,6.541206585114949526e-19,-1.023960537315851291e-17,0.000000000000000000e+00,1.000000000000000056e-01
3.823003323627427363e+01,7.428857309540908282e-01,-1.107384593156451325e-01,-2.198601026635085484e-02,-6.092528544284069036e-02,2.286953108638966692e-16,-2.745720205787789373e-16,7.944773487598252926e-19,-1.116946844605370360e-17,0.000000000000000000e+00,1.000000000000000056e-01
3.875594903740818609e+01,7.311223411266891681e-01,-1.427465088766997348e-01,-2.274920754930652086e-02,-6.079174214014033267e-02,2.289947853547763632e-16,-2.806277435167097192e-16,4.041103040066552555e-19,-1.191949950956823708e-17,0.000000000000000000e+00,1.000000000000000056e-01
3.928186483854209854e+01,7.189572645726580724e-01,-1.746747202823691614e-01,-2.351314508040618784e-02,-6.062162392983243969e-02,2.292172500915232058e-16,-2.872706214694460844e-16,4.742886491308207144e-19,-1.347219539544040024e-17,0.000000000000000000e+00,1.000000000000000056e-01
3.980778063967601099e+01,7.063908305915926888e-01,-2.065038117626776248e-01,-2.427502119506382700e-02,-6.041479325038991155e-02,2.294983889266571424e-16,-2.948279754656907926e-16,6.889174213022265010e-19,-1.507109202518597514e-17,0.000000000000000000e+00,1.000000000000000056e-01
4.033369644080992344e+01,6.934249623736908896e-01,-2.382144826253132230e-01,-2.503156262896761783e-02,-6.017131222490693793e-02,2.299704906590207882e-16,-3.026413070456038266e-16,1.029867214697129622e-18,-1.429328203339316041e-17,0.000000000000000000e+00,1.000000000000000056e-01
4.085961224194383590e+01,6.800634302869469350e-01,-2.697875279228854062e-01,-2.577906420696023451e-02,-5.989150203372532733e-02,2.304835459657022730e-16,-3.098948687997768802e-16,9.509165764324437519e-19,-1.342482501248160813e-17,0.000000000000000000e+00,1.000000000000000056e-01
4.138552804307774835e+01,6.663118755720240927e-01,-3.012040234907839009e-01,-2.651431887876511129e-02,-5.957614669337667201e-02,2.310765683903464571e-16,-3.168072335741568100e-16,1.404151722026010914e-18,-1.244349781982869701e-17,0.000000000000000000e+00,1.000000000000000056e-01
4.191144384421166080e+01,6.521774645082261124e-01,-3.324455892228532772e-01,-2.723455024443493383e-02,-5.922650906499301454e-02,2.318554907053434697e-16,-3.229220564708659703e-16,1.369062549463928305e-18,-1.123409100552223814e-17,0.000000000000000000e+00,1.000000000000000056e-01
4.243735964534557326e+01,6.376688596857350566e-01,-3.634946260679791097e-01,-2.793683897297355445e-02,-5.884431049691300764e-02,2.325043481590978100e-16,-3.287767733040002595e-16,1.206775126364296238e-18,-1.095922582045258539e-17,0.000000000000000000e+00,1.000000000000000056e-01
4.296327544647948571e+01,6.227962872412600159e-01,-3.943345784734054726e-01,-2.861820351368657769e-02,-5.843178826036007911e-02,2.331001505057420335e-16,-3.344974624083595329e-16,9.699232115702386269e-19,-1.076623537136111409e-17,0.000000000000000000e+00,1.000000000000000056e-01
4.348919124761339816e+01,6.075714084293415418e-01,-4.249501058164723566e-01,-2.927629826932429125e-02,-5.799119002296623804e-02,2.335202854408852822e-16,-3.400996203704131029e-16,6.278037790899331884e-19,-1.053815574970755710e-17,0.000000000000000000e+00,1.000000000000000056e-01
4.401510704874731061e+01,5.920069671798418032e-01,-4.553270065135194278e-01,-2.990920893560309463e-02,-5.752472139273921703e-02,2.337820831165710647e-16,-3.455428496002432273e-16,3.149253237446962217e-19,-1.029399359062973356e-17,0.000000000000000000e+00,1.000000000000000056e-01
4.454102284988122307e+01,5.761166879297282550e-01,-4.854523581177869196e-01,-3.051514257460642698e-02,-5.703506738627742156e-02,2.338759853329007803e-16,-3.511309305104659047e-16,1.096536642565125349e-19,-1.114724530343104070e-17,0.000000000000000000e+00,1.000000000000000056e-01
4.506693865101513552e+01,5.599151774829113082e-01,-5.153147849800785441e-01,-3.109256233180566348e-02,-5.652540190443652857e-02,2.339036662583495947e-16,-3.573068052260813876e-16,-4.386146570256143256e-21,-1.248063386079019063e-17,0.000000000000000000e+00,1.000000000000000056e-01
4.559285445214904797e+01,5.434177301502730595e-01,-5.449045797009471892e-01,-3.164043703048042416e-02,-5.599871514361016989e-02,2.338713718453260025e-16,-3.642903951509427922e-16,-1.184259573970248334e-19,-1.407719121236496167e-17,0.000000000000000000e+00,1.000000000000000056e-01
4.607831519165727485e+01,5.279402228780469830e-01,-5.719690873870117986e-01,-3.211946389144303138e-02,-5.549971559219353534e-02,2.338138806924708673e-16,-3.714884294418441135e-16,-6.462255946849806103e-20,-1.556614176808265636e-17,0.000000000000000000e+00,1.000000000000000056e-01
4.660423099279118730e+01,5.109179619810306772e-01,-6.010126002802883560e-01,-3.260927412472383602e-02,-5.494784219994350988e-02,2.335936162344136912e-16,-3.797469270843572934e-16,-6.555827073682403379e-19,-1.556000116288430007e-17,0.000000000000000000e+00,1.000000000000000056e-01
4.713014679392509976e+01,4.936460457470525642e-01,-6.297634020483573458e-01,-3.306893252999187210e-02,-5.438706052748439046e-02,2.330600368227520933e-16,-3.878185666506363923e-16,-1.456785480869128665e-18,-1.507313889358539231e-17,0.000000000000000000e+00,1.000000000000000056e-01
4.765606259505901221e+01,4.761402396962430839e-01,-6.582175668210855646e-01,-3.349877081956423308e-02,-5.382019030344920019e-02,2.320899505097846950e-16,-3.955850417580269064e-16,-1.971426678446341356e-18,-1.438363665274045580e-17,0.000000000000000000e+00,1.000000000000000056e-01
4.818197839619292466e+01,4.584161605014707708e-01,-6.863725257824969672e-01,-3.389906952302212950e-02,-5.324959229959717877e-02,2.309764911983394211e-16,-4.030184940392505082e-16,-1.971426678446341356e-18,-1.384852677116868830e-17,0.000000000000000000e+00,1.000000000000000056e-01
4.870789419732683712e+01,4.404892050457545616e-01,-7.142269106583850613e-01,-3.427041315193866955e-02,-5.267750712955788367e-02,2.298451102620844127e-16,-4.103769475737455099e-16,-2.493378120307320551e-18,-1.398595936370352470e-17,0.000000000000000000e+00,1.000000000000000056e-01
4.923380999846074957e+01,4.223743730437938271e-01,-7.417805084652424608e-01,-3.461372422183339043e-02,-5.210607838086505489e-02,2.284690370425365226e-16,-4.177623722663700915e-16,-2.581101051712527074e-18,-1.409999917453027315e-17,0.000000000000000000e+00,1.000000000000000056e-01
4.975972579959466202e+01,4.040860980163486493e-01,-7.690341944948607678e-01,-3.493020629387056514e-02,-5.153728200993567404e-02,2.271820751099138603e-16,-4.252099370877902717e-16,-2.517940541100778455e-18,-1.424503442112019898e-17,0.000000000000000000e+00,1.000000000000000056e-01
5.028564160072857447e+01,3.856381886832342953e-01,-7.959897996119081887e-01,-3.522096218408632406e-02,-5.097275416812912380e-02,2.258546564400970007e-16,-4.327419642201949697e-16,-2.370566016340031420e-18,-1.438071255502690320e-17,0.000000000000000000e+00,1.000000000000000056e-01
5.081155740186248693e+01,3.670439016601944604e-01,-8.226499418478618875e-01,-3.548705265500366746e-02,-5.041389164622706032e-02,2.246346492245851940e-16,-4.401371482134585327e-16,-2.376414211767045316e-18,-1.382279471128977339e-17,0.000000000000000000e+00,1.000000000000000056e-01
5.133747320299639938e+01,3.483159024032949080e-01,-8.490179531128170254e-01,-3.572966195012692442e-02,-4.986203697741323215e-02,2.233248801021055773e-16,-4.473467990294840966e-16,-2.604493833420582275e-18,-1.359471508963621640e-17,0.000000000000000000e+00,1.000000000000000056e-01
5.186338900413031183e+01,3.294662012460161660e-01,-8.750978580416810537e-01,-3.595010210073046331e-02,-4.931844517655773613e-02,2.218801132355147267e-16,-4.544665933028991675e-16,-2.947198085443589065e-18,-1.359588472872161833e-17,0.000000000000000000e+00,1.000000000000000056e-01
5.238930480526422429e+01,3.105060926358837459e-01,-9.008942825907829688e-01,-3.614974170811355303e-02,-4.878414857961678452e-02,2.201951374491972063e-16,-4.615621963401850922e-16,-3.517981959120132813e-18,-1.372366779880185258e-17,0.000000000000000000e+00,1.000000000000000056e-01
5.291522060639813674e+01,2.914462038381415154e-01,-9.264123497526857154e-01,-3.632974070077399364e-02,-4.826001490784850856e-02,2.181320449530328568e-16,-4.689635198207595504e-16,-4.044319547551371950e-18,-1.433772831863832289e-17,0.000000000000000000e+00,1.000000000000000056e-01
5.344113640753204919e+01,2.722965689010892754e-01,-9.516575990584885680e-01,-3.649122584006942588e-02,-4.774675782119331552e-02,2.160050733981407545e-16,-4.766239083728409947e-16,-4.044319547551371950e-18,-1.479388756194543686e-17,0.000000000000000000e+00,1.000000000000000056e-01
5.396705220866596164e+01,2.530666256589974572e-01,-9.766359031116575995e-01,-3.663533288606712901e-02,-4.724493012104402645e-02,2.137415662699458916e-16,-4.845548838859108368e-16,-4.810433148490175838e-18,-1.551672451672436388e-17,0.000000000000000000e+00,1.000000000000000056e-01
5.449296800979987410e+01,2.337652175432314572e-01,-1.001353384268905966e+00,-3.676318701520906590e-02,-4.675493648745046582e-02,2.109573501774777433e-16,-4.929729017334137377e-16,-5.622162673759687426e-18,-1.638108780083702326e-17,0.000000000000000000e+00,1.000000000000000056e-01
5.497842874930810098e+01,2.158922489867095562e-01,-1.023943481405077627e+00,-3.686774413151031743e-02,-4.631344875914973624e-02,2.079724946933279561e-16,-5.012318962130505593e-16,-6.674837850622165699e-18,-1.764429801307203417e-17,0.000000000000000000e+00,1.000000000000000056e-01
5.550434455044201343e+01,1.964761192562673175e-01,-1.048177303156614171e+00,-3.696737766867676245e-02,-4.584722710702860554e-02,2.042043163368021932e-16,-5.108710095859541977e-16,-7.479257131607910590e-18,-1.899581597625495410e-17,0.000000000000000000e+00,1.000000000000000056e-01
5.603026035157592588e+01,1.770111121863549020e-01,-1.072169289454546037e+00,-3.705378043866064397e-02,-4.539381227427008447e-02,2.001194989497273314e-16,-5.210482330519070859e-16,-8.221100721524613606e-18,-1.938793747963622834e-17,0.000000000000000000e+00,1.000000000000000056e-01
5.655617615270983833e+01,1.575039343452266649e-01,-1.095926225686726152e+00,-3.712790427967838786e-02,-4.495337892567627391e-02,1.954060524774953760e-16,-5.311846803853723876e-16,-9.703618262272603840e-18,-1.915985785798269138e-17,0.000000000000000000e+00,1.000000000000000056e-01
5.708209195384375079e+01,1.379608014095896895e-01,-1.119454965532404644e+00,-3.719066180490867429e-02,-4.452601461704087243e-02,1.900164461686306771e-16,-5.413128589295685974e-16,-1.072734487177136350e-17,-1.963326927779946921e-17,0.000000000000000000e+00,1.000000000000000056e-01
5.760800775497766324e+01,1.183874633903753693e-01,-1.142762389793658517e+00,-3.724290374561133043e-02,-4.411174188538101448e-02,1.841955734071667931e-16,-5.518146471611342852e-16,-1.120748171632920013e-17,-2.025551727123374688e-17,0.000000000000000000e+00,1.000000000000000056e-01
5.813392355611157569e+01,9.878925037769326067e-02,-1.165855390633559585e+00,-3.728537973382008847e-02,-4.371059304096909515e-02,1.783176826710606955e-16,-5.624690590252387159e-16,-1.121800846809782676e-17,-2.035669105212110182e-17,0.000000000000000000e+00,1.000000000000000056e-01
5.865983935724548815e+01,7.917110970009391679e-02,-1.188740875629976212e+00,-3.731880103922215891e-02,-4.332257713788192216e-02,1.721640000136254182e-16,-5.734186749468522707e-16,-1.219816602166533749e-17,-2.134591330860048908e-17,0.000000000000000000e+00,1.000000000000000056e-01
5.918575515837940060e+01,5.953762725211918932e-02,-1.211425737675442038e+00,-3.734382871629369355e-02,-4.294762953356273671e-02,1.654446564617010368e-16,-5.849447047378405533e-16,-1.349646540646239865e-17,-2.248631141686821393e-17,0.000000000000000000e+00,1.000000000000000056e-01
5.971167095951331305e+01,3.989305438649726199e-02,-1.233916818340770494e+00,-3.736107496166699710e-02,-4.258562176066946203e-02,1.579704162185344390e-16,-5.970231700922699119e-16,-1.481347901662589534e-17,-2.331850962613230324e-17,0.000000000000000000e+00,1.000000000000000056e-01
6.023758676064722550e+01,2.024133201109536498e-02,-1.256220877542188807e+00,-3.737110916864561788e-02,-4.223637424546961006e-02,1.499533695885568111e-16,-6.090651888948591524e-16,-1.514711856573703600e-17,-2.283720314248906467e-17,0.000000000000000000e+00,1.000000000000000056e-01
6.076350256178113796e+01,5.861114217726861664e-04,-1.278344578621030569e+00,-3.737446424710441639e-02,-4.189972018619714939e-02,1.422819914724832330e-16,-6.210793020123486256e-16,-1.428450974025249030e-17,-2.296001524645637229e-17,0.000000000000000000e+00,1.000000000000000056e-01
6.128941836291505041e+01,-1.906922796809355433e-02,-1.300294517139742645e+00,-3.737164469583234561e-02,-4.157555644780207976e-02,1.350129449612963256e-16,-6.332233025492509132e-16,-1.330990797234064414e-17,-2.337319025337489363e-17,0.000000000000000000e+00,1.000000000000000056e-01
6.181533416404896286e+01,-3.872157039258446176e-02,-1.322077231422428500e+00,-3.736314661392916431e-02,-4.126376254648139730e-02,1.282529554008925289e-16,-6.457633414208092467e-16,-1.241162515475132873e-17,-2.417322338779041594e-17,0.000000000000000000e+00,1.000000000000000056e-01
6.234124996518287531e+01,-5.836804942229890242e-02,-1.343699189689411710e+00,-3.734941625712346475e-02,-4.096419266312376767e-02,1.217485885404974654e-16,-6.586289742205940883e-16,-1.245607143999663296e-17,-2.458142742859599525e-17,0.000000000000000000e+00,1.000000000000000056e-01
6.286716576631678777e+01,-7.800601800195143543e-02,-1.365166777192412084e+00,-3.733084275765460869e-02,-4.067667738173750408e-02,1.151293694984011656e-16,-6.716326567639623495e-16,-1.268064214439396104e-17,-2.485863189183645957e-17,0.000000000000000000e+00,1.000000000000000056e-01
6.339308156745070022e+01,-9.763302024413204883e-02,-1.386486284318922069e+00,-3.730776581802536934e-02,-4.040102634881821697e-02,1.084185313248517329e-16,-6.848371561408427730e-16,-1.297773047208625667e-17,-2.550631953537825776e-17,0.000000000000000000e+00,1.000000000000000056e-01
6.391899736858461267e+01,-1.172467713569121384e-01,-1.407663899858672574e+00,-3.728050289458202660e-02,-4.013704855646354347e-02,1.014607887598645152e-16,-6.985473055853738140e-16,-1.356108796593087465e-17,-2.662478691079463707e-17,0.000000000000000000e+00,1.000000000000000056e-01
6.440445810809276850e+01,-1.353381749561686498e-01,-1.427091797254568473e+00,-3.725188732431754246e-02,-3.990357513881090390e-02,9.469476617724763201e-17,-7.117754283845278778e-16,-1.424064827454987318e-17,-2.765056038869285859e-17,0.000000000000000000e+00,1.000000000000000056e-01
6.493037390922658858e+01,-1.549206225340427623e-01,-1.448013573013945177e+00,-3.721743443823093828e-02,-3.966150469813609775e-02,8.718036493326978959e-17,-7.265641757356763512e-16,-1.451960719641844502e-17,-2.875119076805688694e-17,0.000000000000000000e+00,1.000000000000000056e-01
6.545628971036040866e+01,-1.744840690304025055e-01,-1.468810965215461284e+00,-3.717967403574444496e-02,-3.943052302362309858e-02,7.951319810329020306e-17,-7.419929202785445373e-16,-1.450849562510711896e-17,-2.949157230911683677e-17,0.000000000000000000e+00,1.000000000000000056e-01
6.598220551149422874e+01,-1.940268440959615204e-01,-1.489489750156535841e+00,-3.713886324688402824e-02,-3.921041910238659556e-02,7.196523669456968385e-17,-7.573451519044029713e-16,-1.431316589784484534e-17,-2.893423928492238635e-17,0.000000000000000000e+00,1.000000000000000056e-01
6.650812131262804883e+01,-2.135474036101816797e-01,-1.510055593074945079e+00,-3.709522518601439389e-02,-3.900098228129725980e-02,6.450400885225499137e-17,-7.726311858982911749e-16,-1.388507799258743319e-17,-2.905003355437724848e-17,0.000000000000000000e+00,1.000000000000000056e-01
6.703403711376186891e+01,-2.330443127339368592e-01,-1.530514052153694404e+00,-3.704895383397049935e-02,-3.880202073974512583e-02,5.742853954792369200e-17,-7.879789341605832983e-16,-1.318914273677278297e-17,-2.952783112076426276e-17,0.000000000000000000e+00,1.000000000000000056e-01
6.755995291489568899e+01,-2.525162326845000194e-01,-1.550870590121405934e+00,-3.700022096228332974e-02,-3.861335757660144807e-02,5.073446371256273019e-17,-8.036368980591862669e-16,-1.218062143538425613e-17,-3.005036738216792482e-17,0.000000000000000000e+00,1.000000000000000056e-01
6.808586871602950907e+01,-2.719619105672530512e-01,-1.571130574800786217e+00,-3.694918480170243658e-02,-3.843480680567813723e-02,4.446542020684738761e-17,-8.195690095848286235e-16,-1.187885455135034508e-17,-3.042640634812487550e-17,0.000000000000000000e+00,1.000000000000000056e-01
6.861178451716332916e+01,-2.913801769648509676e-01,-1.591299272404784970e+00,-3.689600331749810086e-02,-3.826616935261314967e-02,3.840215007642247198e-17,-8.351778220965767227e-16,-1.138760613548119163e-17,-2.917927867331419740e-17,0.000000000000000000e+00,1.000000000000000056e-01
6.913770031829714924e+01,-3.107699416973653261e-01,-1.611381843666249924e+00,-3.684081808752919657e-02,-3.810724436199064424e-02,3.256262226391900992e-17,-8.503700721686884165e-16,-1.076038717593395652e-17,-2.869066194538720061e-17,0.000000000000000000e+00,1.000000000000000056e-01
6.966361611943096932e+01,-3.301301840015419264e-01,-1.631383343882526482e+00,-3.678375170493126262e-02,-3.795783195659224035e-02,2.712276442885520630e-17,-8.654671661022063743e-16,-9.891345335479706355e-18,-2.881054995164095872e-17,0.000000000000000000e+00,1.000000000000000056e-01
7.018953192056478940e+01,-3.494599437547404874e-01,-1.651308724989662080e+00,-3.672491432503680736e-02,-3.781774166835626810e-02,2.212101047156553629e-17,-8.805963651774623612e-16,-9.205352011890992580e-18,-2.846609124098983863e-17,0.000000000000000000e+00,1.000000000000000056e-01
7.071544772169860948e+01,-3.687583169942037498e-01,-1.671162842832484507e+00,-3.666440796588912171e-02,-3.768679617418283639e-02,1.725287021211464954e-17,-8.956462714137094934e-16,-9.407699573665663926e-18,-2.887663455996616633e-17,0.000000000000000000e+00,1.000000000000000056e-01
7.124136352283242957e+01,-3.880244494631618357e-01,-1.690950460262072630e+00,-3.660231993530133759e-02,-3.756481793907396477e-02,1.242347141883658152e-17,-9.110297209721574557e-16,-9.118213900028483942e-18,-2.978368967069600701e-17,0.000000000000000000e+00,1.000000000000000056e-01
7.176727932396624965e+01,-4.072575310934594128e-01,-1.710676245078285529e+00,-3.653873283713845316e-02,-3.745162213443789523e-02,7.604896577176264986e-18,-9.267942919221026231e-16,-9.200088636006680805e-18,-3.001059965326414204e-17,0.000000000000000000e+00,1.000000000000000056e-01
7.229319512510006973e+01,-4.264567937885057614e-01,-1.730344766693628911e+00,-3.647372161750438851e-02,-3.734702120329767838e-02,2.700948556471903496e-18,-9.428148167968059879e-16,-9.485188163073604315e-18,-3.090683560245400638e-17,0.000000000000000000e+00,1.000000000000000056e-01
7.281911092623388981e+01,-4.456215054061254399e-01,-1.749960496465774673e+00,-3.640734816295149168e-02,-3.725082987481431046e-02,-2.373402768116263322e-18,-9.594199888417868458e-16,-9.779059983281046937e-18,-3.214314411572470198e-17,0.000000000000000000e+00,1.000000000000000056e-01
7.330457166574203143e+01,-4.632807337542979020e-01,-1.768024252262473617e+00,-3.634491591230320368e-02,-3.716934554681471797e-02,-7.212253296194971846e-18,-9.749777927421948145e-16,-1.022118355756330075e-17,-3.182997325060814905e-17,0.000000000000000000e+00,1.000000000000000056e-01
7.383048746687585151e+01,-4.823770488032256276e-01,-1.787550675546184076e+00,-3.627606431654935987e-02,-3.708882770531541501e-02,-1.278637544914016878e-17,-9.917300522346236761e-16,-1.108554684167593394e-17,-3.179371443896066759e-17,0.000000000000000000e+00,1.000000000000000056e-01
7.435640326800967159e+01,-5.014368296718590967e-01,-1.807036838787407618e+00,-3.620598634864582305e-02,-3.701621293176803745e-02,-1.890400192676023022e-17,-1.008526766820145109e-15,-1.208617307923799389e-17,-3.218349666417112872e-17,0.000000000000000000e+00,1.000000000000000056e-01
7.488231906914349167e+01,-5.204594402415249066e-01,-1.826486853762420148e+00,-3.613471521089308552e-02,-3.695133101171219070e-02,-2.540694925251686170e-17,-1.025667848679485452e-15,-1.260637006247088444e-17,-3.302622162520378611e-17,0.000000000000000000e+00,1.000000000000000056e-01
7.540823487027731176e+01,-5.394442615062136070e-01,-1.845904741543357375e+00,-3.606228262083314984e-02,-3.689400769004617248e-02,-3.217935974100651649e-17,-1.043278666380125079e-15,-1.313621656815833399e-17,-3.365314817497962220e-17,0.000000000000000000e+00,1.000000000000000056e-01
7.593415067141113184e+01,-5.583906896236771056e-01,-1.865294431647116058e+00,-3.598871390264100217e-02,-3.684406960859876179e-02,-3.923099269286815134e-17,-1.060730780108193692e-15,-1.367775946469981827e-17,-3.259345516360472001e-17,0.000000000000000000e+00,1.000000000000000056e-01
7.646006647254495192e+01,-5.772981321948820188e-01,-1.884659762920962489e+00,-3.591402745070342711e-02,-3.680134542205598658e-02,-4.641284428889173204e-17,-1.077734332719984977e-15,-1.393917380028734573e-17,-3.212998567601388479e-17,0.000000000000000000e+00,1.000000000000000056e-01
7.698598227367877200e+01,-5.961660052674846444e-01,-1.904004485256197032e+00,-3.583823769338286697e-02,-3.676566895660467182e-02,-5.395019467619030678e-17,-1.094573893592675147e-15,-1.484213517421828736e-17,-3.186915615996902903e-17,0.000000000000000000e+00,1.000000000000000056e-01
7.751189807481259209e+01,-6.149937317344904564e-01,-1.923332262437313478e+00,-3.576135575505249437e-02,-3.673687776064676891e-02,-6.205773663936555144e-17,-1.111267017637960092e-15,-1.608049055588846176e-17,-3.166008317345330659e-17,0.000000000000000000e+00,1.000000000000000056e-01
7.803781387594641217e+01,-6.337807390457734780e-01,-1.942646672710173883e+00,-3.568338794213671977e-02,-3.671480882128679707e-02,-7.079736188865137935e-17,-1.127952724614759008e-15,-1.708696498887754369e-17,-3.202939671466923853e-17,0.000000000000000000e+00,1.000000000000000056e-01
7.856372967708023225e+01,-6.525264572818255671e-01,-1.961951208241169198e+00,-3.560433873938750882e-02,-3.669929766250453612e-02,-7.975787855712656615e-17,-1.145134097598919395e-15,-1.665653780544932152e-17,-3.316102252979639188e-17,0.000000000000000000e+00,1.000000000000000056e-01
7.908964547821405233e+01,-6.712303187687080896e-01,-1.981249274479641498e+00,-3.552421164742985277e-02,-3.669017942419079692e-02,-8.843290315091021942e-17,-1.162912645146540887e-15,-1.632962368107924890e-17,-3.435434680667854414e-17,0.000000000000000000e+00,1.000000000000000056e-01
7.961556127934787241e+01,-9.684267586805468689e-17,-1.181372143460199634e-15,-1.556000116288422303e-17,-3.573890707402406172e-17,-6.898917568710505321e-01,1.999455809550127583e+00,-3.544300710577935609e-02,-3.668729033441474330e-02,1.000000000000000056e-01,0.000000000000000000e+00
8.014147708048169250e+01,-1.048729833174460163e-16,-1.200223942000634566e-15,-1.500091368006168358e-17,-3.591201365866365241e-17,-7.085102044651994113e-01,1.980160810593420750e+00,-3.536072291040293081e-02,-3.669046823958740933e-02,1.000000000000000056e-01,0.000000000000000000e+00
8.066739288161551258e+01,-1.126333544258914932e-16,-1.219087806585495695e-15,-1.460411362033879238e-17,-3.578335335926934130e-17,-7.270850926940396475e-01,1.960862579985638288e+00,-3.527735476437223600e-02,-3.669955333153157584e-02,1.000000000000000056e-01,0.000000000000000000e+00
